real_name,pname:wel_inst:0_ptype:gr_usecol:3_pstyle:d_idx0:84_idx1:0_idx2:1799,pname:wel_inst:0_ptype:gr_usecol:3_pstyle:d_idx0:69_idx1:0_idx2:1799,pname:wel_inst:0_ptype:gr_usecol:3_pstyle:d_idx0:54_idx1:0_idx2:1799,pname:wel_inst:0_ptype:gr_usecol:3_pstyle:d_idx0:39_idx1:0_idx2:1799,pname:wel_inst:0_ptype:gr_usecol:3_pstyle:d_idx0:84_idx1:0_idx2:1249,pname:wel_inst:0_ptype:gr_usecol:3_pstyle:d_idx0:69_idx1:0_idx2:1249,pname:wel_inst:0_ptype:gr_usecol:3_pstyle:d_idx0:54_idx1:0_idx2:1249,pname:wel_inst:0_ptype:gr_usecol:3_pstyle:d_idx0:39_idx1:0_idx2:1249,ar_rate_1,ar_rate_2
gen=1046_member=14548_pso,-4.75,-4.75,-4.75,-4.75,-4.75,0.0,0.0,-4.75,0.0,6.67667
gen=1148_member=24782_pso,-4.75,-4.75,-4.75,-4.75,-4.75,0.0,0.0,-4.75,0.0,6.71837
gen=1160_member=25952_pso,-4.75,-4.75,-4.75,-4.75,-4.75,0.0,0.0,-4.75,0.0,6.68764
gen=1170_member=26938_pso,-4.75,-4.75,-4.75,-0.722789,-4.75,-4.32504,0.0,-4.75,1.06651,6.90127
gen=1174_member=27325_pso,-4.75,-4.75,-4.75,0.0,-4.75,-4.75,0.0,-4.75,0.449536,6.32919
gen=1178_member=27740_pso,-4.75,-4.75,-4.75,0.0,-4.75,-4.75,0.0,-4.75,1.98008,6.00908
gen=1183_member=28247_pso,-4.75,-4.75,-4.75,-4.75,-4.75,0.0,0.0,-4.75,0.0,6.69839
gen=1184_member=28389_pso,-4.75,-4.75,-4.75,0.0,-4.75,-4.75,0.0,-4.75,0.342734,6.93619
gen=1190_member=28905_pso,-4.75,-4.75,-4.75,0.0,-4.75,-4.75,0.0,-4.75,0.700476,6.79826
gen=1191_member=29030_pso,-4.75,-4.75,-4.75,0.0,-4.75,-4.75,0.0,-4.75,0.0485338,6.77564
gen=1191_member=29053_pso,-4.75,-4.75,-4.75,0.0,-4.75,-4.75,0.0,-4.75,0.852853,6.7206
gen=1191_member=29056_pso,-4.75,-4.75,-4.75,0.0,-4.75,-4.75,0.0,-4.75,0.615374,6.57027
gen=1191_member=29057_pso,-4.75,-4.75,-4.75,0.0,-4.75,-4.75,0.0,-4.75,0.351766,7.0
gen=1194_member=29318_pso,-4.75,-4.75,-4.75,-4.75,-4.75,0.0,0.0,-4.75,0.0,6.68693
gen=1194_member=29324_pso,-4.75,-4.75,-4.75,0.0,-4.75,-4.75,0.0,-4.75,0.440849,6.83648
gen=1194_member=29394_pso,-4.75,-4.75,-4.75,0.0,-4.75,-4.75,0.0,-4.75,1.74463,6.24563
gen=1195_member=29441_pso,-4.75,-4.75,-4.75,-4.75,-4.75,0.0,0.0,-4.75,0.0,6.74133
gen=1195_member=29457_pso,-4.75,-4.75,-4.75,-4.75,-4.75,0.0,0.0,-4.75,0.0,6.73974
gen=1196_member=29500_pso,-4.75,-4.75,-4.75,0.0,-4.75,-4.75,0.0,-4.75,0.805231,6.82105
gen=1196_member=29516_pso,-4.75,-4.75,-4.75,-4.75,-4.75,0.0,0.0,-4.75,0.0,6.71074
gen=1196_member=29541_pso,-4.75,-4.75,-4.75,0.0,-4.75,-4.75,0.0,-4.75,1.22089,6.77207
gen=1197_member=29613_pso,-4.75,-4.75,-4.75,0.0,-4.75,-4.75,0.0,-4.75,0.0,6.96396
gen=1197_member=29629_pso,-4.75,-4.75,-4.75,0.0,-4.75,-4.75,0.0,-4.75,0.360882,6.88183
gen=1197_member=29636_pso,-4.75,-4.75,-4.75,0.0,-4.75,-4.75,0.0,-4.75,0.870706,7.0
gen=1197_member=29659_pso,-4.75,-4.75,-4.75,0.0,-4.75,-4.75,0.0,-4.75,0.735087,7.0
gen=1197_member=29691_pso,-4.75,-4.75,-4.75,0.0,-4.75,-4.75,0.0,-4.75,0.609966,6.7553
gen=1198_member=29701_pso,-4.75,-4.75,-4.75,0.0,-4.75,-4.75,0.0,-4.75,0.10679,7.0
gen=1198_member=29715_pso,-4.75,-4.75,-4.75,0.0,-4.75,-4.75,0.0,-4.75,0.0,6.87302
gen=1198_member=29719_pso,-4.75,-4.75,-4.75,0.0,-4.75,-4.75,0.0,-4.75,0.205675,7.0
gen=1198_member=29727_pso,-4.75,-4.75,-4.75,0.0,-4.75,-4.75,0.0,-4.75,0.0978234,7.0
gen=1198_member=29732_pso,-4.75,-4.75,-4.75,0.0,-4.75,-4.75,0.0,-4.75,0.0953869,6.72697
gen=1198_member=29734_pso,-4.75,-4.75,-4.75,0.0,-4.75,-4.75,0.0,-4.75,0.847403,7.0
gen=1198_member=29742_pso,-4.75,-4.75,-4.75,0.0,-4.75,-4.75,0.0,-4.75,0.0,6.90066
gen=1199_member=29833_pso,-4.75,-4.75,-4.75,0.0,-4.75,-4.75,0.0,-4.75,0.944745,7.0
gen=1199_member=29855_pso,-4.75,-4.75,-4.75,0.0,-4.75,-4.75,0.0,-4.75,0.123348,7.0
gen=1199_member=29865_pso,-4.75,-4.75,-4.75,0.0,-4.75,-4.75,0.0,-4.75,0.797805,5.98989
gen=1200_member=29910_pso,-4.75,-4.75,-4.75,0.0,-4.75,-4.75,0.0,-4.75,0.0,6.84769
gen=1200_member=29913_pso,-4.75,-4.75,-4.75,0.0,-4.75,-4.75,0.0,-4.75,0.0,7.0
gen=1200_member=29922_pso,-4.75,-4.75,-4.75,0.0,-4.75,-4.75,0.0,-4.75,0.0,6.9113
gen=1200_member=29966_pso,-4.75,-4.75,-4.75,0.0,-4.75,-4.75,0.0,-4.75,1.28403,6.52583
gen=1200_member=29971_pso,-4.75,-4.75,-4.75,-4.75,-4.75,0.0,0.0,-4.75,0.0,6.71522
gen=1200_member=29987_pso,-4.75,-4.75,-4.75,0.0,-4.75,-4.75,0.0,-4.75,0.0,6.87134
gen=1200_member=29991_pso,-4.75,-4.75,-4.75,0.0,-4.75,-4.75,0.0,-4.75,0.0,6.95746
gen=300_member=29905_pso,0.0,-4.75,-4.75,-4.75,-4.75,0.0,-4.75,-4.75,0.0,6.56145
gen=681_member=8065_pso,-4.75,-4.75,-4.75,-4.75,-4.75,0.0,0.0,-4.75,0.999986,7.0
gen=863_member=26208_pso,-4.75,-4.75,-4.75,-4.75,-4.75,0.0,0.0,-4.75,0.121993,6.91008
gen=865_member=26407_pso,-4.75,-4.75,-4.75,-4.75,-4.75,0.0,0.0,-4.75,0.0325135,7.0
gen=884_member=28384_pso,-4.75,-4.75,-4.75,-4.75,-4.75,-0.00164434,0.0,-4.75,0.0,6.84488
gen=887_member=28650_pso,-4.75,-4.75,-4.75,-4.75,-4.75,0.0,0.0,-4.75,0.845025,7.0
gen=887_member=28657_pso,-4.75,-4.75,-4.75,-4.75,-4.75,0.0,0.0,-4.75,0.0686245,7.0
gen=888_member=28783_pso,-4.75,-4.75,-4.75,-4.75,-4.75,-0.000895217,0.0,-4.75,0.601094,7.0
gen=890_member=28901_pso,-4.75,-4.75,-4.75,-4.75,-4.75,0.0,0.0,-4.75,0.951503,7.0
gen=892_member=29196_pso,-4.75,-4.75,-4.75,-4.75,-4.75,0.0,0.0,-4.75,0.0,6.56309
gen=893_member=29236_pso,-4.75,-4.75,-4.75,-4.75,-4.75,-2.40476e-05,0.0,-4.75,0.994899,7.0
gen=893_member=29293_pso,-4.75,-4.75,-4.75,-4.75,-4.75,0.0,0.0,-4.75,0.16391,6.46761
gen=894_member=29307_pso,-4.75,-4.75,-4.75,-4.75,-4.75,0.0,0.0,-4.75,0.877604,7.0
gen=894_member=29341_pso,-4.75,-4.75,-4.75,-4.75,-4.75,-0.00281274,0.0,-4.75,0.400284,7.0
gen=894_member=29399_pso,-4.75,-4.75,-4.75,-4.75,-4.75,0.0,0.0,-4.75,0.993461,7.0
gen=895_member=29482_pso,-4.75,-4.75,-4.75,-4.75,-4.75,0.0,0.0,-4.75,0.0,6.66901
gen=895_member=29493_pso,-4.75,-4.75,-4.75,-4.75,-4.75,-4.59103e-05,0.0,-4.75,0.0660351,7.0
gen=896_member=29545_pso,-4.75,-4.75,-4.75,-4.75,-4.75,-0.00262329,0.0,-4.75,0.555069,7.0
gen=896_member=29550_pso,-4.75,-4.75,-4.75,-4.75,-4.75,0.0,0.0,-4.75,0.0,6.64109
gen=896_member=29557_pso,-4.75,-4.75,-4.75,-4.75,-4.75,-0.000671248,0.0,-4.75,0.249714,6.98705
gen=897_member=29608_pso,-4.75,-4.75,-4.75,-4.75,-4.75,-4.51192e-05,0.0,-4.75,0.0341888,7.0
gen=897_member=29621_pso,-4.75,-4.75,-4.75,-4.75,-4.75,0.0,0.0,-4.75,0.0,6.754
gen=897_member=29646_pso,-4.75,-4.75,-4.75,-4.75,-4.75,-0.00407516,0.0,-4.75,0.0,6.9157
gen=897_member=29681_pso,-4.75,-4.75,-4.75,-4.75,-4.75,0.0,0.0,-4.75,0.0,6.84878
gen=898_member=29700_pso,-4.75,-4.75,-4.75,-4.75,-4.75,-0.000281233,0.0,-4.75,0.670722,7.0
gen=898_member=29732_pso,-4.75,-4.75,-4.75,-4.75,-4.75,-0.000336806,0.0,-4.75,0.850517,7.0
gen=898_member=29760_pso,-4.75,-4.75,-4.75,-4.75,-4.75,-0.00322453,0.0,-4.75,0.0,6.83426
gen=898_member=29771_pso,-4.75,-4.75,-4.75,-4.75,-4.75,-0.00026286,0.0,-4.75,0.0749378,7.0
gen=898_member=29772_pso,-4.75,-4.75,-4.75,-4.75,-4.75,0.0,0.0,-4.75,0.0,6.90388
gen=898_member=29778_pso,-4.75,-4.75,-4.75,-4.75,-4.75,-0.00265484,0.0,-4.75,0.00274195,6.76761
gen=898_member=29789_pso,-4.75,-4.75,-4.75,-4.75,-4.75,-0.000356272,0.0,-4.75,0.12225,7.0
gen=899_member=29804_pso,-4.75,-4.75,-4.75,-4.75,-4.75,-0.000517391,0.0,-4.75,0.731267,7.0
gen=899_member=29806_pso,-4.75,-4.75,-4.75,-4.75,-4.75,0.0,0.0,-4.75,0.77806,6.999
gen=899_member=29818_pso,-4.75,-4.75,-4.75,-4.75,-4.75,-0.000430838,0.0,-4.75,0.85517,7.0
gen=899_member=29820_pso,-4.75,-4.75,-4.75,-4.75,-4.75,-0.00189975,0.0,-4.75,0.0,6.95168
gen=899_member=29822_pso,-4.75,-4.75,-4.75,-4.75,-4.75,0.0,0.0,-4.75,0.353526,7.0
gen=899_member=29823_pso,-4.75,-4.75,-4.75,-4.75,-4.75,0.0,0.0,-4.75,0.868981,6.85976
gen=899_member=29840_pso,-4.75,-4.75,-4.75,-4.75,-4.75,0.0,0.0,-4.75,0.0,6.93658
gen=899_member=29855_pso,-4.75,-4.75,-4.75,-4.75,-4.75,0.0,0.0,-4.75,0.766603,6.97136
gen=899_member=29859_pso,-4.75,-4.75,-4.75,-4.75,-4.75,-1.2374e-05,0.0,-4.75,0.380028,7.0
gen=899_member=29864_pso,-4.75,-4.75,-4.75,-4.75,-4.75,0.0,0.0,-4.75,0.547542,7.0
gen=899_member=29872_pso,-4.75,-4.75,-4.75,-4.75,-4.75,-0.000584127,0.0,-4.75,0.0,6.98578
gen=899_member=29887_pso,-4.75,-4.75,-4.75,-4.75,-4.75,0.0,0.0,-4.75,0.298804,7.0
gen=899_member=29892_pso,-4.75,-4.75,-4.75,-4.75,-4.75,0.0,0.0,-4.75,0.171727,7.0
gen=900_member=29915_pso,-4.75,-4.75,-4.75,-4.75,-4.75,0.0,0.0,-4.75,0.909568,7.0
gen=900_member=29919_pso,-4.75,-4.75,-4.75,-4.75,-4.75,0.0,0.0,-4.75,0.180604,7.0
gen=900_member=29930_pso,-4.75,-4.75,-4.75,-4.75,-4.75,0.0,0.0,-4.75,0.155722,7.0
gen=900_member=29940_pso,-4.75,-4.75,-4.75,-4.75,-4.75,0.0,0.0,-4.75,0.0,6.97901
gen=900_member=29949_pso,-4.75,-4.75,-4.75,-4.75,-4.75,0.0,0.0,-4.75,0.0,6.63635
gen=900_member=29953_pso,-4.75,-4.75,-4.75,-4.75,-4.75,0.0,0.0,-4.75,0.884859,7.0
gen=900_member=29955_pso,-4.75,-4.75,-4.75,-4.75,-4.75,0.0,0.0,-4.75,0.931509,7.0
gen=900_member=29960_pso,-4.75,-4.75,-4.75,-4.75,-4.75,-0.00145104,0.0,-4.75,0.582319,7.0
gen=900_member=29964_pso,-4.75,-4.75,-4.75,-4.75,-4.75,0.0,0.0,-4.75,0.0,6.57608
gen=900_member=29970_pso,-4.75,-4.75,-4.75,-4.75,-4.75,0.0,0.0,-4.75,0.0,6.70414
gen=900_member=29988_pso,-4.75,-4.75,-4.75,-4.75,-4.75,0.0,0.0,-4.75,0.0,6.77437
gen=900_member=29992_pso,-4.75,-4.75,-4.75,-4.75,-4.75,0.0,0.0,-4.75,0.492757,7.0
gen=919_member=1872_pso,-4.75,-4.75,-4.75,-4.75,-4.75,0.0,0.0,-4.75,0.0,6.67686
